Mary,HOHOHO,12/12/22 09:03:04
Mary,HOHsadasd,12/12/22 09:03:04

Mary,HOHOHO,12/12/22 09:03:04

Mary,HOHOHO,12/12/22 09:03:04

07.10.22 14:11:18,Mary,
07.10.22 14:11:19,Mary,
07.10.22 14:11:27,Mary,1

07.10.22 14:11:48,Mary,1


07.10.22 14:20:37,True,asdf
07.10.22 14:20:38,True,sdf
07.10.22 14:20:39,True,qw
07.10.22 14:20:42,True,qw
07.10.22 14:20:43,True,zx
07.10.22 14:23:52,Mary,123
07.10.22 14:23:54,Mary,4444
07.10.22 14:23:58,Mary,34534345

07.10.22 14:25:37,Mary,HI
07.10.22 14:26:34,Ma,What`re u doing?
07.10.22 14:26:45,Mary,just tiktoking
07.10.22 14:27:02,Ma,What does it means?
07.10.22 14:27:15,Mary,I`m just killing time
07.10.22 14:27:42,Ma,"Great, I also like to do things that is a waste of time!"
07.10.22 14:27:44,Ma,
07.10.22 14:27:47,Mary,



09.10.22 20:44:36,Hoho,Hi
09.10.22 20:44:38,Hoho,
09.10.22 20:44:40,MAry,HI
09.10.22 20:44:49,MAry,hi

12/12/22 09:03:04,Mary,HOHsadasd

12/12/22 09:03:04,Mary,HOHOHO

12/12/22 09:03:04,Mary,HOHOHO
12/12/22 09:03:04,Mary,HOHsadasd

12/12/22 09:03:04,Mary,HOHOHO

12/12/22 09:03:04,Mary,HOHOHO
12/12/22 09:03:04,Mary,HOHsadasd

12/12/22 09:03:04,Mary,HOHOHO

12/12/22 09:03:04,Mary,HOHOHO
12/12/22 09:03:04,Mary,HOHsadasd

12/12/22 09:03:04,Mary,HOHOHO

12/12/22 09:03:04,Mary,HOHOHO
12/12/22 09:03:04,Mary,HOHsadasd

12/12/22 09:03:04,Mary,HOHOHO

12/12/22 09:03:04,Mary,HOHOHO



09.10.22 21:52:25,w,Hi
09.10.22 21:55:47,Mary,Hi
09.10.22 21:55:51,Mary,Hi
09.10.22 21:55:53,Mary,
09.10.22 21:55:53,Mary,
09.10.22 21:56:55,w,Hi

09.10.22 22:04:02,r,Ho

09.10.22 22:05:15,r,Ho
09.10.22 22:05:15,r,
09.10.22 22:05:16,r,d

10.10.22 10:11:17,w,Hi

10.10.22 10:19:24,w,Hi
10.10.22 10:19:24,w,
10.10.22 10:19:25,w,sd
10.10.22 10:19:26,w,
10.10.22 10:19:26,w,sd





10.10.22 10:41:40,wa,hi
10.10.22 10:41:42,wa,hi
10.10.22 10:41:42,wa,
10.10.22 10:41:43,wa,sd
10.10.22 10:41:43,wa,sd

10.10.22 10:45:22,wa,Hi
10.10.22 10:45:25,wa,Heello

10.10.22 10:46:11,wa,[A
10.10.22 10:46:21,re,Hi
10.10.22 10:46:28,re,Hello

10.10.22 10:47:27,hoho,Hi
10.10.22 10:47:29,hoho,ho

10.10.22 10:50:49,t,Hi
10.10.22 10:51:03,t,Hello
10.10.22 10:51:51,ty,HII
10.10.22 10:51:52,ty,
10.10.22 10:52:01,ty,koko
10.10.22 10:52:07,t,sdsd
10.10.22 10:52:08,t,sd
10.10.22 10:52:08,t,
10.10.22 10:52:10,t,sd
10.10.22 10:52:23,t,sd
10.10.22 10:52:33,t,df
10.10.22 10:52:34,t,dfdf


10.10.22 10:53:58,ty,
10.10.22 10:58:39,we,Hi
10.10.22 10:58:48,de,Hi
10.10.22 10:58:49,de,hi
10.10.22 10:58:50,de,hi
10.10.22 10:58:51,de,alklk
10.10.22 10:58:52,de,alskamlkdmaksdm
10.10.22 10:58:55,we,sdsdfsf
10.10.22 10:59:35,wer,JIji
10.10.22 10:59:36,wer,
10.10.22 10:59:36,wer,
10.10.22 10:59:36,wer,sd
10.10.22 10:59:37,wer,
